{
	"info": {
		"_postman_id": "d782d2b5-355c-4129-9bef-c27fa5430e2a",
		"name": "BIDV Ibank",
		"schema": "https://schema.getpostman.com/json/collection/v2.1.0/collection.json",
		"_exporter_id": "904195"
	},
	"item": [
		{
			"name": "Login",
			"request": {
				"method": "POST",
				"header": [],
				"body": {
					"mode": "raw",
					"raw": "{\r\n  \"username\": \"246114361PMT\",\r\n  \"password\": \"\"\r\n}",
					"options": {
						"raw": {
							"language": "json"
						}
					}
				},
				"url": {
					"raw": "http://127.0.0.1:27126/login",
					"protocol": "http",
					"host": [
						"127",
						"0",
						"0",
						"1"
					],
					"port": "27126",
					"path": [
						"login"
					]
				}
			},
			"response": []
		},
		{
			"name": "Transactions",
			"request": {
				"method": "POST",
				"header": [],
				"body": {
					"mode": "raw",
					"raw": "{\r\n  \"username\": \"246114361PMT\",\r\n  \"password\": \"\",\r\n  \"accountNumber\": \"8601384999\"\r\n}",
					"options": {
						"raw": {
							"language": "json"
						}
					}
				},
				"url": {
					"raw": "http://127.0.0.1:27126/transactions",
					"protocol": "http",
					"host": [
						"127",
						"0",
						"0",
						"1"
					],
					"port": "27126",
					"path": [
						"transactions"
					]
				}
			},
			"response": []
		}
	]
}